Tweet ID	Author ID	Text
1759715497036136782	1702951510530043904	Migliora le tue abilitÃ  in inglese! ğŸ“š Studia online e ricevi aiuto per i compiti. Il nostro team Ã¨ qui per aiutarti. Mi trovi su Fiverr: https://t.co/oMnGX32RCP #MFW #GrandeFratello #Gloria  #Calzona #19Febbraio #MonzaMilan #DayX #DAYTONA500 #CPFC #Loveisland #TWICE_SneakPeek https://t.co/1x8p8A3gIP
1759709734503158230	1651423196426702848	"Apo Nattawin will attend Milan Fashion Week on 24th February 

@Nnattawin1 @ferraristore 

#ApoNattawin #FerrariStyle #Ferrari #MFW24 #Nnattawin #MFW #FerrariStyle #Milan #MILAN2024 https://t.co/7E9H4jbRkC"
1759708798527148110	1476385192973586433	"Fashion inspiration for me #catwalking 
TOM FORD by Peter Hawking #summer24 #fashion #moda #sarahsuttonmoda #tomford #estilo #eleganza #mfw #modelo
https://t.co/1pyEewrY8p"
1759698741685375376	1643147028174721027	"IG: mensfolio 

@gulfkanawut is s returning to Milan!By now a familiar face in #MFW circuit is set to now reprise his FROW role for #OnitsukaTiger &amp; no matter how often we see him at Fashion Week,trust us when we say he's a face that we always look forward toğŸ«¶#OnitsukaTigerAW24 https://t.co/jjxdP9NvE2"
1759682209588695314	1618588413573369856	"Apo Nattawin will attend the Milan Fashion Week on 24th February 

@Nnattawin1 @ferraristore 

#ApoNattawin #FerrariStyle #Ferrari #MFW24 #Nnattawin #MFW #FerrariStyle #Milan #MILAN2024

 https://t.co/ul1ZbU2BIn"
1759669566504858043	1738313885231312896	"Apo Nattawin will attend the Milan Fashion Week on 24th February 

@Nnattawin1 @ferraristore 

#ApoNattawin #FerrariStyle #Ferrari #MFW24 #Nnattawin #MFW #FerrariStyle #Milano #MILAN2024 https://t.co/uZARZm95rM"
1759666296231190592	1307221346984833027	"Apo Nattawin will attend the Milan Fashion Week on 24th February 

@Nnattawin1 @ferraristore 

#ApoNattawin #FerrariStyle #Ferrari #MFW24 #Nnattawin #MFW #FerrariStyle #Milan #MILAN2024 https://t.co/7O4XGsXsRb"
1759665203371815052	1738313885231312896	"Canâ€™t wait for Apo Nattawin debut at the Milan Fashion Week on 24th February 

@Nnattawin1 @ferraristore 

#ApoNattawin #FerrariStyle #Ferrari #MFW24 #Nnattawin #MFW #FerrariStyle #Milano #MILAN2024 https://t.co/u9cxwliqnq"
1759658468880056375	1548300759678459904	"Excited for Apo Nattawin debut at the Milan Fashion Week on 24th February 

@Nnattawin1 @ferraristore 

#ApoNattawin #FerrariStyle #Ferrari #MFW24 #Nnattawin #MFW #FerrariStyle #Milano #MILAN2024 https://t.co/zdBSER8css"
1759657771493171489	1548300759678459904	"Apo Nattawin will attend the Milan Fashion Week on 24th February 

@Nnattawin1 @ferraristore 

#ApoNattawin #FerrariStyle #Ferrari #MFW24 #Nnattawin #MFW #FerrariStyle #Milan #MILAN2024 https://t.co/5sb17w1hWV"
1759657546363904007	1218147780977258496	"#Raul #RaulinParis #RaulInMilano #ãƒ©ã‚¦ãƒ¼ãƒ« #PFW #MFW 
Snow Man ãƒ©ã‚¦ãƒ¼ãƒ«ã®ãƒŸãƒ©ãƒï¼†ãƒ‘ãƒªãƒ•ã‚¡ãƒƒã‚·ãƒ§ãƒ³ã‚¦ã‚£ãƒ¼ã‚¯ã«å¯†ç€ã€€æ’®å½±ç§˜è©±ã‚‚(FASHIONSNAP)
#Yahooãƒ‹ãƒ¥ãƒ¼ã‚¹
https://t.co/aZe0uINUxk"
1759653828641849439	474232856	Tomorrow: Milan Fashion Week Womenswear Autumn/Winter begins #MFW (20 Feb)
1759650362506531051	538566780	"While waiting for the upcoming #MFW, I want to share an article I wrote on @panorama_it about the impact of Thai talents in Italy, and features Win Metawin @winmetawin, Gemini @gemini_ti, and Fourth @tawattannn

#GMMTV

ğŸ‡¬ğŸ‡§ https://t.co/cNyyPBXvW4
ğŸ‡®ğŸ‡¹ https://t.co/o13G4KxwzN https://t.co/PbrzDPGpxd https://t.co/pk1P2MWKO9"
1759645947771166800	4532748434	Milan Fashion Week Fall 2024 Fashion2 hours agoMilan Fashion Week Fall 2024Your front row seat to all things #MFW- Feb 16th - 19th, 2024@MilanFW#MFW2024 https://t.co/thJfdjX6ta
1759645381799915886	1370977138560671748	"Today's wise advice from our dear wise man #Yoshiki: Stay Chill &amp; Do Your Best! âœ¨

I believe you'll get the best result tmr as you wish bcuz of your positive energy. I'm rooting for you &amp; looking forward to #MaisonYoshikiParis's show video.ğŸŒ¹â¤ï¸ğŸ¥‚
#MilanoFashionWeek #MFW https://t.co/W15cTUbAcd"
1759642416016203926	1668879623697080320	#MFW https://t.co/Dj8r8k5Ea6
1759632495052488957	1476385192973586433	"Inspiration for me.
Black &amp; Gold

FASHION NIGHT TO NIGHT

From Tom Ford #summer24 
#fashion #moda #eleganza #estilo #inspiration #summer #sarahsuttonmoda #handbag #dress #catwalking #mfw #model
https://t.co/ZYjtFaf9iR"
1759632029468271020	76569687	"You would look so good in this repurposed Holiday shirt 

@therealpusa 
@955KLOS 
@theTroubadour 
@yokishop 
#NewportBeach

Like #MFW only a little more casual

https://t.co/raagNwnqNA https://t.co/xe2sK79zh2"
1759608269117542609	21404937	All the glamour of @LondonFashionWk  #LFW #MFW and #PFW in one handy podcast - how bookers work https://t.co/ISwY34eSCn
1759606249774067836	1052891194613743618	"Get it here! - https://t.co/fCLWISfvHw
.
#MFW24 #MFW #Fashion #Streetwear https://t.co/se6pXimC9a"
1759581931564339478	1332038971690455041	"@spampistefania dacci la conferma che ora sei su un volo internazionale verso milano ğŸ™ğŸ» 

#MFW #MilanFashionWeek24 https://t.co/P674ZuYrfb"
1759573768458920063	1410148918554398721	"Estela cuenta lo
que pasÃ³ con una influencer desagradecida en la 
#MBFWMadrid !!
#MercedesBenzFashionWeek 
 #MBFW 
#MadridFashionWeek 
#MFW #MadridFW @OutdoorTELE #TardeAr #AsiEsLaVida #GHDUO19F #FiestaT5 #ghvip7 #VamosAVer @Lecturas

https://t.co/1pLztXPlrO"
1759546613931053385	1688890029723275264	"One of our valuable client's reviews.

When sourcing uncommon and expensive type 2 diabetes medicines for my uncle in Belarus, ""Medicine For World (MFW)"" emerged as a blessing. Their vast inventory covered most of our needs.

#AntiDiabetic  #Type2diabetes #Trelagliptin #MFW https://t.co/Hh7svRwjSn"
1759523897429610674	159272201	Milan Fashion Week #mfw @cfda @voguerunway @giorgioarmani @prada @fendi @gucci #fashion #model #redcarpet https://t.co/FGf8mbousi
1759518326416355675	33944106	Vrijdag voerden we actie tegen Max Mara in de P.C. Hooftstraat in Amsterdam. Het luxe Italiaanse modemerk verkoopt nog steeds producten met bont. Lees het verslag van de actie en mail @maxmara bontvrij te gaan. #MaxMaraFW24  #furfreeMaxMara #maxmara #mfw https://t.co/gDh3QIyhS7
1759485539126763741	3376521993	#MFW starts soon here are the programm and locations https://t.co/mwpz01Ty97
1759477113550213246	1757173064150745088	@myahnhyejiin Safe travels and slay the runway, Hwasa ğŸ”¥ğŸ‡®ğŸ‡¹ #MFW #QueenHwasa
1759472766565437456	3282865488	"#MaisonYoshikiParis @MaisonYoshiki-#EveOfÂ #MilanFashionWeek â™ª
#RockStarğŸŒŸ#YOSHIKI @YoshikiOfficialğŸŒ¹#ExclusiveLive #Broadcast on #YoshikiChannel @YoshikiChannel #Feb19 @ 1:30p #MilanTime.
#BecomeAMember #ToWatch â™ª
#MFW #contest
#TeamYoshiki #WeAreXâ€¼ï¸ğŸ™…ğŸ»â€â™€ï¸âœ¨
https://t.co/X0o9w8Nv1l"
1759450740869754933	921635772	"Equinor i Polenergia z finalnymi umowami na fundamenty
https://t.co/SYIjyzr5nU

#offshorewind #offshorewindenergy #renewables #OZE #MFW #MEW #morskiefarmywiatrowe #morskaenergetykawiatrowa @WysokieNapiecie @cire_pl @MKiS_GOV_PL @MI_GOV_PL @RepublikaTV @tvn24 @RadioWNET"
1759450238849540129	921635772	"Baltica 2 z kompletem pozwoleÅ„ na budowÄ™
https://t.co/fWjFQEaA0T

#offshorewind #offshorewindenergy #renewables #OZE #MFW #OWF #MEW #OWE #morskiefarmywiatrowe #morskaenergetykawiatrowa 
@cire_pl @WysokieNapiecie @MKiS_GOV_PL @PSEW_PWEA @radio_szczecin @RepublikaTV @TVN24BiS"
1759449733863821492	921635772	"Siemens Gamesa dostarczy morskie turbiny wiatrowe dla MFW PolenergiiÂ i Equinor BaÅ‚tyk II i III - podpisano kluczowe umowy
https://t.co/GPusawysHv

#offshorewind #offshorewindenergy #renewables #OZE #MFW #OWF #MEW #OWE #morskiefarmywiatrowe #morskaenergetykawiatrowa"
1759447720643965407	921635772	"PGE: Baltica 2 z pozwoleniami na budowÄ™ dla czÄ™Å›ci morskiej farmy wiatrowej
https://t.co/JeskIV9MW6

#offshorewind #morskie #farmy #wiatrowe #MFW #OWF #morskiefarmywiatrowe #morskaenergetykawiatrowa #renewables #OZE"
1759417814971285685	1266048312647446528	"ğŸ‘‹ğŸ‘‹ğŸ‘‹

ğŸ”—https://t.co/FvwPdIXhn7

FERRAGAMO 2023 F/W
#Ferragamo #í˜ë¼ê°€ëª¨ #FerragamoFW23 #ì œë…¸ #Jeno #MFW https://t.co/yP9t2gjRRt"
1759399339439591811	1577208522814541824	@ChanyeolsEri Selamat Eri ğŸ¥³ mari kita meriahkan #MFW kedatangan Global Brand Ambassador #XiaoZhan untuk @gucci dan @Tods ğŸ”¥
1759386026609451448	1627566095795204096	"He came out the elevator so charming and charismatic. As soon as he was out of camera range, he got embarrassed and giggled. So adorable. 
#XiaoZhan â¤ï¸
#MFW https://t.co/zlqMOdz9rw"
1759343571851747810	538566780	#MFW is gonna be hot. Hot hot hot. https://t.co/4bukc5tTwa
1759340022975643982	240568286	"James Reid during Milan Fashion Week 2024

@henrysprofessional 

#milanfashionweek #mfw

Â©ï¸ davegraciadas

#JamesReid | James Reid | @tellemjaye https://t.co/Riv9RqlkBs"
1759337955875819572	240568286	"â€”
@tellemjaye in @louisvuitton

#mfw #milanfashionweek #fashionweek

Â©ï¸ davegraciadas

#JamesReid | James Reid | @tellemjaye
#LVMenFW24Â Â #PharrellWilliams #LouisVuitton

#ParisFashionWeek #PFW24 #PFW2024 #MensFashionWeek https://t.co/jNfE0HbHYO"
1759277986899960258	1617073710933970944	@GamingFan272 #mfw more jester! https://t.co/twFgP0O29e
1759273249655906545	711566103869263872	This season Milan Fashion Week is not just a spectacle, it's an immersive journey. Runway Studio Web3 by @runwaymagazine #Cameramoda #MFW #metaverse #web3 #RunwayMetaverse #Runway  #RunwayMetazine #Media  #RunwayStudio #Digital #3D #EleonoradeGray #RunwayMagazine https://t.co/Zkj8Uql3fD
1759196845920727220	840082990151618560	"ë°€ë¼ë…¸ íŒ¨ì…˜ì‡¼ ì¶œí‡´ê·¼ ëŒ€ë¦¬ì°ì‚¬ í•©ë‹ˆë‹¤

240220-240226 ë°€ë¼ë…¸ íŒ¨ì…˜ ìœ„í¬  
MilanFashionWeek 

5D mark4  
EF 100-400mm f/4.5-5.6 L IS
EF 50mm f/1.8 STM III

Doyoung ë„ì˜
Ningning ë‹ë‹
Hanni í•˜ë‹ˆ
Hyunjin í˜„ì§„
Jungwoo ì •ìš°
Joy ì¡°ì´
â€¦

DMì£¼ì„¸ìš”
DM please #MFW"
1759187254596268458	972171061558116353	"Esta semana comienza el FASHION WEEK de MilÃ¡n.  QuÃ© mejor momento que este para compartirte 10 ideas para disfrutar de la ciudad si te gusta la moda.

#MFW 

https://t.co/NgzuY0dR6u"
1759046487953051888	95497868	"Fashion has always been my passion since I was a little girl.  ğŸ™ğŸ½ğŸ‘—ğŸ‘ ğŸ‘›ğŸ’„â¤ï¸â¤ï¸ğŸ—½

Being able to visit @voguemagazine headquarters for a 2nd time is amazing. @CondeNast 

#NYFW24 #NYFW #PFW #LFW #MFW #VOGUE

Iâ€™m an #Actress ğŸ¬ ğŸ¥ &amp; a TV Commentator for #EntertainmentNews #Actors https://t.co/XnFVoMhb9g"
1759045929326330060	95497868	"Fashion has always been my passion since I was a little girl.  ğŸ™ğŸ½ğŸ‘—ğŸ‘ ğŸ‘›ğŸ’„â¤ï¸â¤ï¸ğŸ—½

Being able to visit @voguemagazine headquarters for a 2nd time is amazing. @CondeNast 

#NYFW24 #NYFW #PFW2024 #LFW2024 #MFW #VOGUE

Iâ€™m an #Actress ğŸ¬ ğŸ¥ &amp; a TV Commentator for #EntertainmentNews https://t.co/ktUqMtOKdq"
1759025148873871822	1297026425002659840	"2019å¹´ä»¥æ¥ï¼Ÿ
ã—ã‹ã‚‚ #MFW 
ã‚ˆã£ã¡ã‚ƒã‚“ã®ã‚·ãƒ§ãƒ¼ã¯
éŸ³æ¥½ã‚‚æ¼”å‡ºã‚‚å…¨ã¦ã”æœ¬äººã ã‹ã‚‰
ä¸€ä½“æ„ŸãŒå‡„ãâœ¨æƒ¹ãè¾¼ã¾ã‚Œã¦ã—ã¾ã†ğŸ˜

é ‘å¼µã£ã¦ãƒâœ¨

#MaisonYoshikiParis  
æ—¥æœ¬ã§ã‚‚è¦‹ã‚Œã¾ã™ã‚ˆã†ã«ğŸ™

ç¾åœ°ã«é£›ã‚“ã§è¡Œã‘ã‚‹æ–¹ğŸ’•
ã‚¦ãƒƒãƒˆãƒªæ¥½ã—ã‚“ã§ãã ã•ã„ãƒã€œâœ¨

@YoshikiOfficial 
#YOSHIKI 
https://t.co/lVnCbJcoJz https://t.co/W5i01drrrW"
1758974654989980005	1476385192973586433	"#FashionSabado Shooting  #metropolitanmodelsmadrid

Model: Manuel G.

#fashion #moda #model #sarahsuttonmoda #Madridn#london #italy #paris #mfw #mbfwm #cap #leather #shooting #influencer #estilo #eleganza #man #sunglasses #ss #fw 

https://t.co/yyAtNomEvm
https://t.co/Cp70sA3ijL"
1758968681378263442	1564896637092233218	"I want to wish #Yoshiki that the fire in his soul never dies out ğŸ”¥ It's not easy to do in these challenging times. But Yoshiki always finds the strength to move forward. Success and good luck to him in everything. Always rooting for him â¤
#MaisonYoshikiParis 
#SpikyFashion #MFW https://t.co/atK1DhBbzL"
1758853808434585800	1701594403801120768	"ğŸŒŸ 21 top models grace #DlaRepubblica's Feb issue for #MilanFashionWeek! A visual feast of fashion's finest, captured by Robin Galiegue! ğŸ“¸âœ¨ 

---&gt; https://t.co/xrrTp1EjW9

#Fashion #TopModels #Style #Cover #MFW https://t.co/7k7sIeylz8"
1758834829276127418	1591038318527004679	"Milano Fashion Week al via: in arrivo 161 appuntamenti e 20 mila visitatori 

#MFW #Milan #Italy

https://t.co/SUGp8Lnly3"
1758802169846014126	3316188193	ntm, we still might possibly maybe get him in a March digital/April physical magazine. Really who knows? ğŸ˜… I'm only extremely thrilled for #JENO's return to @Ferragamo MFW show, this time as the brand's First Global Male Ambassador. #AW24 #FW24 #MFW
1758781887470830011	96752877	"Valentino menswear fall winter 2024

#valentinoleciel2024 #menswear #fw24 #mfw #pierpaolopiccioli https://t.co/w74pwrpC8v"
1758781582125695411	1256008233149317120	"James Reid during Milan Fashion Week 2024
@henrysprofessional
#milanfashionweek #mfw
Â©ï¸ davegraciadas
#JamesReid | James Reid @tellemjaye https://t.co/aMhTZESgyN"
1758770199971397663	1055292266	@APOPRTEAM @Nnattawin1 Sorry, but I don't think Texas Hol'em by Beyonce is the right vibe for #MFW. Maybe something more fitting like 'Run the World'! ğŸ’â€â™€ï¸ #justsaying #loveya ğŸ’–
1758769290344378814	1633429524556701696	"@SiemensGamesa  dostarczy morskie turbiny wiatrowe dla projektÃ³w @Equinor i #Polenergia. Kluczowe umowy dla farm wiatrowych BaÅ‚tyk II i III zostaÅ‚y podpisane. Turbiny SG 14-236 o nominalnej moc 14 MW dziÄ™ki funkcj mogÄ… osiÄ…gnÄ…Ä‡ moc 15 MW. ğŸ‘ #oze #mew #mfw
https://t.co/QZoaXYKaf8 https://t.co/q6QxAMHWtc"
1758698429168099545	242899192	"James Reid during Milan Fashion Week 2024

@henrysprofessional 

#milanfashionweek #mfw
#JamesReid

Â©ï¸davegraciadas https://t.co/WWSsAQ2luL"
1758698057158275121	242899192	"@tellemjaye in @LouisVuitton 

#mfw #milanfashionweek #fashionweek
#JamesReid 

Â©ï¸davegraciadas https://t.co/n8uDCuF0d9"
1758609447436382507	50395150	Companies worldwide are eliminating the use of cruel furâ€¦but what about @MaxMara? Make a difference for millions of animals and demand action today ğŸ¦Š (ğŸ”— in bio or copy or paste this link - https://t.co/exN34z2KWO) #MaxMara #MFW #MaxMaraFW24 https://t.co/2K1GkQtuCC
1758567215182278919	1668297273502052365	"Nosso modelo LF confiram mais conteÃºdo dele em nosso site. 
Our model LF see more content of him in our website 
#malefeetworship #malefeetlovers #boyfeetlover #gayfeetlove #manfeet #menfeet #menfeetworld #mfw https://t.co/KsEXyEth4X"
1758546092982186161	536594609	"@maxmara Max Mara! Choose compassion and go fur-free #furfree #furfreeMaxMara #MaxMara

#MFW #MaxMaraFW24"
1758540697307623817	1612792125984497669	"Pls #apocolleagues, admin needs an edit of these pictures for the #MFW with the song 'Texas Hol' em' by Beyonce.

Thank you.

@Nnattawin1 #Nnattawin https://t.co/469SnA9YOv"
1758509722200907820	1256008233149317120	"@tellemjaye in @LouisVuitton 
#mfw #milanfashionweek #fashionweek
Â©ï¸ davegraciadas
#JamesReid | James Reid @tellemjaye https://t.co/TX0RWw5oS7"
1758509068237611239	1256008233149317120	"@tellemjaye in @LouisVuitton 
#mfw #milanfashionweek #fashionweek
Â©ï¸ davegraciadas
#JamesReid | James Reid @tellemjaye https://t.co/9YlnPzs5t9"
1758484546956468243	3042874314	"#MaisonYoshikiParis ã‚³ãƒ¬ã‚¯ã‚·ãƒ§ãƒ³ãƒ‡ãƒ“ãƒ¥ãƒ¼
YOSHIKIã•ã‚“ã¯ä¸€ä½“ã©ã‚“ãªä½œå“ã‚’ä¸–ã«é€ã‚Šå‡ºã•ã‚Œã‚‹ã®ã ã‚ã†
ãƒ–ãƒ©ãƒ³ãƒ‰ãƒ©ã‚¤ãƒ³ã®1ã¤ã¨ã—ã¦ #YOSHIKIMONO ã®æ–°ãŸãªä½œå“ã‚‚ç™»å ´ã™ã‚‹ã®ã‹ãªğŸŒ¹ğŸ‘˜ğŸŒ¹
Video from EveningWithYOSHIKI 2023
#YOSHIKI #designer 
#MilanoFashionWeek #MFW
@YoshikiOfficial @MaisonYoshiki https://t.co/7yNCp1lVTW"
1758466426153861267	1218147780977258496	"#Raul #RaulinParis #RaulInMilano #ãƒ©ã‚¦ãƒ¼ãƒ« #PFW #MFW
FASHIONSNAPã®æŠ•ç¨¿å‹•ç”»ã‚’æ¥½ã—ã¿ã¾ã—ã‚‡ã†ï¼#TikTok https://t.co/TA4s14NZim"
1758451737822629949	25645618	"@NationalGallery The Eternally Ethereal, Effortlessly Elegant, Entirely Exquisite, Enormously Erudite, Evergreen, Ephemeral, Elizabethan Empress, Rules in her Royal, Regal, Ravishing, Romantic,  Resplendence!
#LFW
#LondonFashionWeek
#MFW #MilanFashionWeek #NYFW  
#NewYorkFashionWeek https://t.co/DoTUCaczM6"
1758449382377087225	2189898192	"Wojewoda Pomorski wydaÅ‚ pozwolenia na budowÄ™ czÄ™Å›ci morskiej projektu  farmy wiatrowej Baltica 2 realizowanego wspÃ³lnie przez PGE i Ã˜rsted.  To ostatnie pozwolenia niezbÄ™dne do rozpoczÄ™cia budowy.
#offshore #mew #mfw #energetyka #Baltica
@Grupa_PGE @Orsted
https://t.co/84uWHtJ0j4"
1758423897492636156	1003150164	"2/9ã«é–‹å§‹ã—ãŸMax Maraã«ã€Œæ¯›çš®ã‚’ä½¿ã‚ãªã„ã§ï¼ã€ã¨è¨´ãˆã‚‹ä¸–ç•Œä¸€æ–‰ã‚­ãƒ£ãƒ³ãƒšãƒ¼ãƒ³ã€‚
æœ¬æ—¥16æ—¥ã‹ã‚‰ãƒ­ãƒ³ãƒ‰ãƒ³ã§ã®ãƒ•ã‚¡ãƒƒã‚·ãƒ§ãƒ³ã‚¦ã‚£ãƒ¼ã‚¯ãŒå§‹ã¾ã‚Šã¾ã—ãŸã€‚
ã™ã§ã«Max Maraã«å£°ã‚’å±Šã‘ã¦ãã ã•ã£ãŸæ–¹ã‚‚ã€å†åº¦ã®ã‚¢ã‚¯ã‚·ãƒ§ãƒ³ã‚’ãŠé¡˜ã„ã—ã¾ã™ï¼
https://t.co/FYPbkLelCf
#furfreeMaxMara #MaxMara #MFW #MaxMaraFW24 https://t.co/WjkGvqOfMF"
1758417342143373774	2189898192	"Equinor i Polenergia wybraÅ‚y Siemens Gamesa na dostawcÄ™ turbin dla morskich farm wiatrowych BaÅ‚tyk II i BaÅ‚tyk III.
#offshore #mew #mfw #offshorewind #energetyka
https://t.co/fAZIZZqETh"
1758343844264108065	2152130173	"2024-2025 AW gap MEN'S COLLECTIONS vol.138 MILAN is on sale.The cover page is ""GUCCI"".ã€€@gucci_jp 

Salesâ†“
https://t.co/6yo2p9LAsv
e-book also available!

The next issue 2/26/2024 
2024-2025 AW gap MEN'S COLLECTIONS vol.139 PARIS

#guccÄ± #GucciAncora #GucciFW24 #MFW #2425AW https://t.co/T0pVwYRCW9"
1758343090165965143	2152130173	"ã‚³ãƒ¬ã‚¯ã‚·ãƒ§ãƒ³æƒ…å ±èªŒ 2024-2025 AW gap MEN'S COLLECTIONSS vol.138 MILANã‚’ç™ºå£²ï¼ã‚«ãƒãƒ¼ã¯ã€ŒGUCCIã€@gucci_jp

ã”è³¼å…¥ã¯â†“
https://t.co/6yo2p9LAsv
ã€e-bookã€‘2/16åŒæ™‚ç™ºå£²ï¼

æ¬¡å·ç™ºå£² 2/26
2024-2025 AW gap MEN'S COLLECTIONS vol.139 PARIS

#guccÄ± #GucciAncora #GucciFW24 #MFW #2425AW https://t.co/0QlqeU95dW"
1758332762870976805	1218147780977258496	"#Raul #RaulinParis #RaulInMilano #ãƒ©ã‚¦ãƒ¼ãƒ« #PFW #MFW
Snow Manãƒ©ã‚¦ãƒ¼ãƒ«ã€é•·ã„è„šã§ã—ãªã‚„ã‹ã«èˆã†ï¼ãƒ‘ãƒªã§ã®ç§æœã‚³ãƒ¼ãƒ‡å‹•ç”»ãŒå…¬é–‹ã€Œæ˜ ç”»ã®ãƒ¯ãƒ³ã‚·ãƒ¼ãƒ³ã¿ãŸã„ã€(THE FIRST TIMES)
#Yahooãƒ‹ãƒ¥ãƒ¼ã‚¹
https://t.co/nuG6m399nN"
1758327894349332822	1218147780977258496	"#Raul #RaulinParis #RaulInMilano #ãƒ©ã‚¦ãƒ¼ãƒ« #PFW #MFW

Snow Manãƒ©ã‚¦ãƒ¼ãƒ«ã€é•·ã„è„šã§ã—ãªã‚„ã‹ã«èˆã†ï¼ãƒ‘ãƒªã§ã®ç§æœã‚³ãƒ¼ãƒ‡å‹•ç”»ãŒå…¬é–‹ã€Œæ˜ ç”»ã®ãƒ¯ãƒ³ã‚·ãƒ¼ãƒ³ã¿ãŸã„ã€ https://t.co/0GDokUudYs"
1758306686975041895	1628509668375990273	"...soon ğŸŒ¹
#Yoshiki 
#MaisonYoshikiParis 
#MFW 
@YoshikiOfficial 
@MaisonYoshiki https://t.co/xeBY3NNzr7"
1758294881275904052	1628509668375990273	"5 days left designer Yoshiki...ğŸŒ¹â™¥ï¸
Shine bright on your debut showâœ¨ï¸ğŸ’–Within sleepless nights &amp; drinking coffee don't forget to love yourself &amp; get some sleep too â£ï¸ I'm looking forward seeing you ... hopefully on Yoshikichannel ğŸ˜Š
#Yoshiki
#MFW
@YoshikiOfficial
@MaisonYoshikiâ€¦ https://t.co/jAOfhmv25b https://t.co/TeffIYXEMV"
1758275253988471069	1370977138560671748	"Wondering if #Yoshiki arrived Milan safely yet?âœˆï¸ğŸŒ¹
Hope everything goes well with his work there. Looking forward to his #MaisonYoshikiParis debut show super duper much!!â¤ï¸
#MilanoFashionWeek #MFW https://t.co/xqJ4uAnO93"
1758232386020553047	498205960	"@mengonimarco for #Versace 

[more photos will be published on my IG cr_circe profile]

#mfw23 #mfw #marcomengoni #latarma https://t.co/mEbK6c5d96"
1758175057816219817	942719213424214017	"ğŸ‡®ğŸ‡¹ il 23 febbraio arriveranno a #Milano #ParkMinkyu e #SonWonik concorrenti di #singlesinferno3

ğŸ‡¬ğŸ‡§ on February 23rd Single's inferno season 3 partecipants Park Minkyu and Son Wonik will be in Milan

#ë°•ë¯¼ê·œ #ì†ì›ìµ #ì†”ë¡œì§€ì˜¥3 #ì§€ì˜¥ë„ #MFW24 #MilanoFashionWeek #MFW #SeoulSenses https://t.co/oOTv2mfzbV"
1758113300456616180	1566645188981796865	"ã‚¬ãƒƒãƒ¬ãƒªã‚¢ã§ãƒ€ãƒ³ã‚¹ã‚¹ã‚­ãƒ«ã‚’æ´»ã‹ã—ãŸãƒãƒ¼ã‚¸ãƒ³ã‚°ã—ã¦
ã€Œç´ æ™´ã‚‰ã—ã„ã‚ã­ï¼ã€
ã£ã¦å£°ã‹ã‘ã‚‰ã‚ŒãŸã£ã¦ğŸ˜†

ãƒ©ã‚¦ãƒ¼ãƒ«ãã‚“ã®ãƒ ãƒ¼ãƒ³ã‚¦ã‚©ãƒ¼ã‚¯ã‚‚è¦‹ã‚ŒãŸã‹ãªğŸ˜†

GUCCI
DIOR
DOLCE&amp;GABBANA
JWANDERSON
GIORGIOARMANI
AMIPARIS
KENZO
VALENTINO
Sacai
Rick Owens
#Raul
#SnowMan
#PFW #MFW
https://t.co/144XAfm0fZ"
1758083977494274173	1521359752525017088	"ç¾ã—ã„å†¬ã®ãƒ‘ãƒªã¨ç¾ã—ã„ãƒ©ã‚¦ãƒ¼ãƒ«ã•ã‚“ãŒèåˆã—ãŸèŠ¸è¡“ä½œå“ğŸ¤âœ¨
ãƒ©ã‚¦ãƒ¼ãƒ«ã•ã‚“ã®å„ªé›…ãªå‹•ãã«æ°¸é ã«é­…å…¥ã£ã¦ã—ã¾ã†ğŸ˜Š
#MFW #PFW
#Raulfashion 
https://t.co/6I2EZ2DUYb"
1758067530193899582	1213415717548130305	"ğŸ‡®ğŸ‡¹ğŸ‡«ğŸ‡·ãƒ©ã‚¦ãƒ¼ãƒ«ãã‚“å¯†ç€â™¡â™¡â™¡

#ãƒ©ã‚¦ãƒ¼ãƒ«
#Raul
#mfw
#pfw

https://t.co/DlWnROzD0B"
1758061298028552308	1218147780977258496	#Raul #RaulinParis #RaulInMilano #ãƒ©ã‚¦ãƒ¼ãƒ« #PFW #MFW  https://t.co/kWXfr4G1ZL
1758028746811216028	1015934791772921857	"yoshikiofficial &gt; Happy Valentineâ€™s day from the sleepless nights in the studio.
YoshikiğŸŒ¹
https://t.co/dNDagFcwro 
#yoshiki #valentines #maisonyoshikiparis #milanfashionweek #mfw"
1758015794410143817	1447841883275857921	"MFW: Rosyjska gospodarka rozwija siÄ™ lepiej niÅ¼ oczekiwano
#LegaArtis #legaartis #MFW #RosyjskaGospodarka
https://t.co/6p2esJL61L"
1758008241173270856	1447841883275857921	"MFW skomentowaÅ‚ decyzjÄ™ Zachodu o konfiskacie rosyjskich aktywÃ³w
#europa #LegaArtis #legaartis #MFW
https://t.co/KhSo78F9JH"
1758008134105444631	1551246645081169921	"ãƒ©ã‚¦ãƒ¼ãƒ«å›ã®ã¾ãŸæ–°ãŸãªã‚¢ã‚¶ãƒ¼ã‚«ãƒƒãƒˆã‚’ã‚ã‚ŠãŒã¨ã†ã”ã–ã„ã¾ã™âœ¨
å¤šãã®ã‚³ãƒ¡ãƒ³ãƒˆã‚‚âœ¨

#Raul #ãƒ©ã‚¦ãƒ¼ãƒ« #MFW #PFW

Snow Man ãƒ©ã‚¦ãƒ¼ãƒ«ã«å¯†ç€ã€€ãƒŸãƒ©ãƒï¼†ãƒ‘ãƒªã§æ³¨ç›®ã‚’æµ´ã³ãŸãƒ•ã‚¡ãƒƒã‚·ãƒ§ãƒ³ã‚¹ã‚¿ã‚¤ãƒ« https://t.co/1fn0Uekw6C"
1757995157822255235	1218147780977258496	"#Raul #RaulinParis #ãƒ©ã‚¦ãƒ¼ãƒ« #PFW #MFW 
 https://t.co/swyfWAvARs"
1757995013739614255	1218147780977258496	"#Raul #RaulinParis #ãƒ©ã‚¦ãƒ¼ãƒ« #PFW #MFW 
 https://t.co/cefoVz336N"
1757994862505537770	1218147780977258496	"#Raul #RaulinParis #ãƒ©ã‚¦ãƒ¼ãƒ« #PFW #MFW
Snow Man ãƒ©ã‚¦ãƒ¼ãƒ«ã«å¯†ç€ã€€ãƒŸãƒ©ãƒï¼†ãƒ‘ãƒªã§æ³¨ç›®ã‚’æµ´ã³ãŸãƒ•ã‚¡ãƒƒã‚·ãƒ§ãƒ³ã‚¹ã‚¿ã‚¤ãƒ« https://t.co/f6O4oksdSj"
1757986456315007040	1213415717548130305	"ğŸ‡®ğŸ‡¹ğŸ‡«ğŸ‡·ãƒ©ã‚¦ãƒ¼ãƒ«ãã‚“å¯†ç€â™¡â™¡â™¡

#ãƒ©ã‚¦ãƒ¼ãƒ«
#Raul
#mfw
#pfw

https://t.co/6OHDcxPlR0"
1757951009283068087	164043817	"Happy Valentineâ€™s day from the sleepless nights in the studio
Getting ready for @MaisonYoshiki debut for #MilanFashionWeek on Feb 20th  
#ãƒŸãƒ©ãƒãƒ•ã‚¡ãƒƒã‚·ãƒ§ãƒ³ã‚¦ã‚§ãƒ¼ã‚¯ ã§ã®ãƒ‡ãƒ“ãƒ¥ãƒ¼ã¾ã§ çœ ã‚Œãªã„æ—¥ã€…ãŒç¶šã.. 

#YOSHIKI 

https://t.co/akGSVeeRQl 

#valentines #MaisonYoshikiParis #MFW https://t.co/xc7kOOgyiB"
1757848976651432006	958324483	Qualcuno mi fa una lista aggiornata di tutti gli idol e attori kdrama che vengono per la mfw grazie ğŸ™ğŸ¼ #milanfashionweek #MFW
1757837367287669214	25443650	"Primus, Say She She, The Floozies, and more just added to complete the High Sierra Music Festival lineup! @highsierramusic
ğŸ‘‡ 
Check it out https://t.co/eJXY2gYwqT  
#highsierramusicfestival #festivalposter #mfw #primus #saysheshe #thefloozies https://t.co/mPEfTSMMqC"
1757796847345959421	1331978706324230153	"Every year, Milan hosts dozens of events dedicated to fashion, technology and science.
Next week, it is the turn of the famous #MFW Fashion Week, Women's Fall/ Winter 24-25, which until 26 February
#DiscoveringMilan 
@iafastro @Leonardo_live @aidaaitaly @ASI_spazio @telespazio https://t.co/jTMaaL9cU3"
1757786977351487891	1636009282498969600	"Studnia bez dna! #Ukraina potrzebuje 42 mld USD finansowania zewnÄ™trznego - oceniÅ‚a dyrektor zarzÄ…dzajÄ…ca #MFW Kristalina Georgiewa.

ğŸ’µFrancuski polityk, @f_philippot, lider partii PatriotÃ³w mÃ³wi wprost, co myÅ›li o sponsorowaniu Ukrainy: 

""Trzeba poÅ‚oÅ¼yÄ‡ kres temu szaleÅ„stwu!â€¦ https://t.co/ixx3e9HYoR https://t.co/kYrLHqFvYO"
1757728685912727860	2189898192	"Grupa PGE i Ã˜rsted zakontraktowaÅ‚y statki do transportu i instalacji  fundamentÃ³w dla projektu Baltica 2 â€“ jednego z dwÃ³ch etapÃ³w Morskiej  Farmy Wiatrowej Baltica.
#offshore #mfw #mew #energetyka #Polska #OffshoreWind 
https://t.co/85gH6r1uDT"
1757728674827366832	1688890029723275264	"One of our valuable client's reviews.

When sourcing uncommon and expensive type 2 diabetes medicines for my uncle in Belarus, ""Medicine For World (MFW)"" emerged as a blessing. 

I Spotted Dapaglip on Medicine For World (MFW).

#AntiDiabetic  #Type2diabetes #Dapagliflozin #MFW https://t.co/B7E4j2niIF"
1757687778354102755	322649700	"Ãˆ uscita la nostra #newsletter! Questa settimana parliamo dei 7 nuovi stilisti per questa #MFW, e di tutte le polemiche del dopo #Festival 
Clicca qui per la newsletter: https://t.co/ze74MrUhAL
E iscriviti qui  https://t.co/jpkrSo1abd https://t.co/2vgtV3cRmv"
